,0,1,2,3,4,5,6,7,8,9,10,11,12,13,14,15,16,17,18,19,20,21,22,23,24,25,26,27,28,29,30,31,32,33,34,35,36
0,C:\Users\james\OneDrive - University of Leeds\1. Projects\1.1 PhD\1.1.1 Project\Data\OAI Subset\train\train_001_V00.seg,127,239,96,274,17,122,214,241,150,256,83,128,220,249,145,266,26,64,101,183,72,111,48,104,202,233,151,262,78,126,211,248,137,256,21,67
1,C:\Users\james\OneDrive - University of Leeds\1. Projects\1.1 PhD\1.1.1 Project\Data\OAI Subset\train\train_001_V01.seg,114,224,84,262,30,135,201,227,148,246,97,141,208,237,132,251,37,77,90,170,60,98,62,120,186,226,141,252,95,140,200,235,127,242,34,79
2,C:\Users\james\OneDrive - University of Leeds\1. Projects\1.1 PhD\1.1.1 Project\Data\OAI Subset\train\train_002_V00.seg,45,188,86,298,7,136,161,197,176,292,81,136,158,210,131,284,18,69,35,126,54,104,57,126,148,187,163,275,81,136,153,202,121,278,17,70
3,C:\Users\james\OneDrive - University of Leeds\1. Projects\1.1 PhD\1.1.1 Project\Data\OAI Subset\train\train_002_V01.seg,93,236,98,313,11,139,202,247,191,308,79,139,205,255,152,308,19,69,85,179,74,123,55,126,191,234,179,290,79,138,202,250,144,298,16,69
4,C:\Users\james\OneDrive - University of Leeds\1. Projects\1.1 PhD\1.1.1 Project\Data\OAI Subset\train\train_003_V00.seg,133,252,90,287,20,132,227,266,158,279,16,61,227,260,154,279,83,128,85,179,68,114,42,105,215,254,154,272,19,63,225,266,135,279,92,135
5,C:\Users\james\OneDrive - University of Leeds\1. Projects\1.1 PhD\1.1.1 Project\Data\OAI Subset\train\train_003_V01.seg,120,241,75,272,20,134,214,254,144,264,16,63,216,257,138,264,85,130,80,174,57,101,46,107,201,244,138,255,18,65,216,260,118,263,92,136
6,C:\Users\james\OneDrive - University of Leeds\1. Projects\1.1 PhD\1.1.1 Project\Data\OAI Subset\train\train_004_V00.seg,112,235,79,272,25,141,214,243,138,263,19,70,210,242,125,269,92,139,66,162,54,95,35,102,208,237,146,250,24,71,183,245,110,282,93,140
7,C:\Users\james\OneDrive - University of Leeds\1. Projects\1.1 PhD\1.1.1 Project\Data\OAI Subset\train\train_004_V01.seg,96,224,95,290,24,142,200,230,151,277,20,69,202,230,141,280,94,138,50,145,70,112,50,105,194,221,160,265,23,74,177,233,127,295,93,140
8,C:\Users\james\OneDrive - University of Leeds\1. Projects\1.1 PhD\1.1.1 Project\Data\OAI Subset\train\train_005_V00.seg,134,254,85,273,27,136,229,266,152,262,24,70,230,266,140,273,92,132,93,183,63,102,46,105,218,258,158,255,27,71,226,267,125,259,92,132
9,C:\Users\james\OneDrive - University of Leeds\1. Projects\1.1 PhD\1.1.1 Project\Data\OAI Subset\train\train_005_V01.seg,118,240,78,262,26,135,214,250,147,253,24,72,215,249,131,266,90,131,82,176,53,91,44,102,202,241,154,248,24,74,209,256,119,251,91,133
10,C:\Users\james\OneDrive - University of Leeds\1. Projects\1.1 PhD\1.1.1 Project\Data\OAI Subset\train\train_006_V00.seg,121,249,65,274,17,140,222,257,153,268,18,67,216,264,131,273,86,135,77,176,51,86,43,107,212,252,147,249,17,68,225,263,107,260,84,136
11,C:\Users\james\OneDrive - University of Leeds\1. Projects\1.1 PhD\1.1.1 Project\Data\OAI Subset\train\train_006_V01.seg,117,242,60,262,17,141,214,252,151,260,19,69,208,256,112,258,85,135,66,183,43,86,41,108,206,246,144,239,18,70,217,256,96,251,83,139
12,C:\Users\james\OneDrive - University of Leeds\1. Projects\1.1 PhD\1.1.1 Project\Data\OAI Subset\train\train_007_V00.seg,130,235,80,275,22,128,212,254,166,269,21,61,211,245,149,276,89,125,80,178,76,114,43,105,196,245,159,259,23,63,213,251,136,260,89,127
13,C:\Users\james\OneDrive - University of Leeds\1. Projects\1.1 PhD\1.1.1 Project\Data\OAI Subset\train\train_007_V01.seg,152,259,86,273,20,127,233,271,172,272,17,58,237,272,144,268,86,121,87,188,84,115,37,100,216,261,157,261,20,59,236,270,132,253,86,121
14,C:\Users\james\OneDrive - University of Leeds\1. Projects\1.1 PhD\1.1.1 Project\Data\OAI Subset\train\train_008_V00.seg,116,235,93,274,26,127,213,236,164,265,88,128,211,243,141,264,33,69,77,173,63,109,68,122,201,232,157,263,88,128,213,243,134,260,29,63
15,C:\Users\james\OneDrive - University of Leeds\1. Projects\1.1 PhD\1.1.1 Project\Data\OAI Subset\train\train_008_V01.seg,133,251,92,272,25,125,226,251,165,269,82,127,229,260,144,262,31,66,93,191,64,109,65,120,217,247,152,262,83,126,230,260,136,260,27,65
16,C:\Users\james\OneDrive - University of Leeds\1. Projects\1.1 PhD\1.1.1 Project\Data\OAI Subset\train\train_009_V00.seg,113,230,94,277,31,136,205,247,160,258,30,72,207,241,130,253,90,131,87,164,68,112,46,100,202,232,161,253,32,73,206,238,117,252,88,133
17,C:\Users\james\OneDrive - University of Leeds\1. Projects\1.1 PhD\1.1.1 Project\Data\OAI Subset\train\train_009_V01.seg,115,232,84,265,24,128,210,250,143,242,22,66,206,244,120,245,81,124,90,168,58,98,41,95,206,236,148,237,25,67,208,242,108,244,81,126
18,C:\Users\james\OneDrive - University of Leeds\1. Projects\1.1 PhD\1.1.1 Project\Data\OAI Subset\train\train_010_V00.seg,146,265,73,255,32,129,225,259,144,247,29,72,236,274,133,242,93,122,114,185,63,89,87,110,220,254,151,243,29,71,245,271,120,238,93,126
19,C:\Users\james\OneDrive - University of Leeds\1. Projects\1.1 PhD\1.1.1 Project\Data\OAI Subset\train\train_010_V01.seg,118,236,83,261,32,129,199,238,152,254,29,72,211,243,137,246,93,122,85,155,71,94,82,98,194,230,159,252,29,71,216,241,128,242,94,126
20,C:\Users\james\OneDrive - University of Leeds\1. Projects\1.1 PhD\1.1.1 Project\Data\OAI Subset\train\train_011_V00.seg,134,257,82,291,20,146,233,281,170,294,18,67,234,267,146,292,95,142,77,183,53,97,35,110,216,265,167,280,18,67,226,278,129,288,99,143
21,C:\Users\james\OneDrive - University of Leeds\1. Projects\1.1 PhD\1.1.1 Project\Data\OAI Subset\train\train_011_V01.seg,121,249,69,280,15,143,223,269,153,282,13,61,227,260,135,283,92,139,72,176,46,85,33,107,205,256,152,269,13,63,211,267,115,275,62,141
22,C:\Users\james\OneDrive - University of Leeds\1. Projects\1.1 PhD\1.1.1 Project\Data\OAI Subset\train\train_012_V00.seg,112,260,68,293,14,145,224,267,119,252,9,65,224,265,112,258,87,137,66,165,37,79,31,99,212,254,130,254,10,66,221,279,91,255,93,140
23,C:\Users\james\OneDrive - University of Leeds\1. Projects\1.1 PhD\1.1.1 Project\Data\OAI Subset\train\train_012_V01.seg,101,250,65,291,14,146,219,262,111,245,8,66,219,260,107,244,90,138,59,160,37,80,36,105,201,245,122,252,12,66,211,266,91,255,92,141
24,C:\Users\james\OneDrive - University of Leeds\1. Projects\1.1 PhD\1.1.1 Project\Data\OAI Subset\train\train_013_V00.seg,124,244,77,274,27,137,217,244,152,259,25,69,223,264,136,252,88,127,79,170,56,92,43,98,208,243,154,254,26,71,203,259,119,258,93,129
25,C:\Users\james\OneDrive - University of Leeds\1. Projects\1.1 PhD\1.1.1 Project\Data\OAI Subset\train\train_013_V01.seg,126,241,87,284,23,132,216,244,164,266,19,68,221,257,147,270,82,125,86,171,65,100,37,94,213,244,165,266,22,62,204,257,132,268,89,128
26,C:\Users\james\OneDrive - University of Leeds\1. Projects\1.1 PhD\1.1.1 Project\Data\OAI Subset\train\train_014_V00.seg,116,228,63,253,20,130,208,237,150,251,18,61,203,238,127,244,83,123,81,178,49,83,31,92,193,232,140,245,19,59,195,239,113,248,84,125
27,C:\Users\james\OneDrive - University of Leeds\1. Projects\1.1 PhD\1.1.1 Project\Data\OAI Subset\train\train_014_V01.seg,133,255,79,269,15,125,226,256,165,266,13,57,229,266,142,260,79,119,101,189,68,97,29,90,216,250,153,263,14,53,214,268,122,265,79,127
28,C:\Users\james\OneDrive - University of Leeds\1. Projects\1.1 PhD\1.1.1 Project\Data\OAI Subset\train\train_015_V00.seg,128,246,84,285,16,139,225,264,178,280,96,142,220,260,147,279,23,71,75,177,71,114,46,122,204,252,172,273,95,139,220,261,116,274,21,68
29,C:\Users\james\OneDrive - University of Leeds\1. Projects\1.1 PhD\1.1.1 Project\Data\OAI Subset\train\train_015_V01.seg,112,228,77,282,18,139,215,251,174,275,99,143,203,243,142,290,24,75,60,163,71,110,45,121,190,237,170,270,89,140,202,246,116,280,20,79
30,C:\Users\james\OneDrive - University of Leeds\1. Projects\1.1 PhD\1.1.1 Project\Data\OAI Subset\train\train_016_V00.seg,102,226,70,267,23,137,195,230,151,265,17,63,203,236,132,266,89,131,47,164,51,93,47,107,182,223,152,254,19,63,198,237,125,261,90,131
31,C:\Users\james\OneDrive - University of Leeds\1. Projects\1.1 PhD\1.1.1 Project\Data\OAI Subset\train\train_016_V01.seg,122,244,77,273,22,135,212,252,158,272,16,64,218,253,136,269,87,129,66,181,53,97,40,101,203,244,159,259,19,64,218,261,124,267,89,130
32,C:\Users\james\OneDrive - University of Leeds\1. Projects\1.1 PhD\1.1.1 Project\Data\OAI Subset\train\train_017_V00.seg,82,214,79,275,15,131,191,217,158,279,90,139,185,227,129,263,26,68,50,139,54,87,70,129,175,216,135,270,90,139,188,231,117,257,20,67
33,C:\Users\james\OneDrive - University of Leeds\1. Projects\1.1 PhD\1.1.1 Project\Data\OAI Subset\train\train_017_V01.seg,83,213,80,276,20,135,197,224,157,277,94,140,187,226,132,270,26,71,54,142,55,87,71,130,182,222,133,270,94,141,190,231,117,262,24,68
34,C:\Users\james\OneDrive - University of Leeds\1. Projects\1.1 PhD\1.1.1 Project\Data\OAI Subset\train\train_018_V00.seg,99,216,86,261,22,132,187,217,168,277,18,65,194,227,130,243,83,120,58,144,54,95,27,76,173,211,146,249,19,69,192,228,117,240,84,125
35,C:\Users\james\OneDrive - University of Leeds\1. Projects\1.1 PhD\1.1.1 Project\Data\OAI Subset\train\train_018_V01.seg,99,219,75,252,25,134,183,214,156,266,19,68,193,225,116,228,82,121,54,137,51,101,28,76,172,209,136,238,21,71,186,231,106,230,85,128
36,C:\Users\james\OneDrive - University of Leeds\1. Projects\1.1 PhD\1.1.1 Project\Data\OAI Subset\train\train_019_V00.seg,105,242,76,274,13,133,210,249,144,272,85,135,207,252,132,267,19,65,61,202,49,96,37,114,196,240,143,266,83,134,206,256,123,265,15,66
37,C:\Users\james\OneDrive - University of Leeds\1. Projects\1.1 PhD\1.1.1 Project\Data\OAI Subset\train\train_019_V01.seg,87,215,74,278,16,135,187,230,145,272,87,136,183,222,136,269,21,66,45,176,56,98,37,114,174,220,144,267,85,135,182,229,125,259,18,67
38,C:\Users\james\OneDrive - University of Leeds\1. Projects\1.1 PhD\1.1.1 Project\Data\OAI Subset\train\train_020_V00.seg,133,242,85,256,36,128,215,246,155,252,93,131,224,250,129,242,36,73,82,167,80,110,69,123,202,241,155,240,96,133,219,247,123,241,34,71
39,C:\Users\james\OneDrive - University of Leeds\1. Projects\1.1 PhD\1.1.1 Project\Data\OAI Subset\train\train_020_V01.seg,131,237,85,257,35,127,217,251,153,250,94,130,220,243,133,243,33,72,80,166,82,113,63,119,210,243,154,242,94,132,215,241,128,245,31,71
40,C:\Users\james\OneDrive - University of Leeds\1. Projects\1.1 PhD\1.1.1 Project\Data\OAI Subset\train\train_021_V00.seg,111,246,69,274,17,141,217,249,156,265,91,141,220,257,120,252,23,68,41,166,49,94,59,138,213,251,153,257,91,144,215,256,109,257,20,65
41,C:\Users\james\OneDrive - University of Leeds\1. Projects\1.1 PhD\1.1.1 Project\Data\OAI Subset\train\train_021_V01.seg,109,248,77,283,14,138,217,253,154,265,86,137,222,258,122,251,20,63,38,162,55,102,57,131,214,251,155,264,88,139,217,257,110,258,16,62
42,C:\Users\james\OneDrive - University of Leeds\1. Projects\1.1 PhD\1.1.1 Project\Data\OAI Subset\train\train_022_V00.seg,100,226,89,301,17,139,208,241,177,297,17,61,206,245,149,288,90,135,99,185,66,120,31,92,189,230,170,284,16,62,194,241,132,290,86,140
43,C:\Users\james\OneDrive - University of Leeds\1. Projects\1.1 PhD\1.1.1 Project\Data\OAI Subset\train\train_022_V01.seg,90,219,85,296,17,139,199,228,172,293,14,60,198,236,146,277,91,135,85,171,63,113,31,88,181,219,165,279,15,72,184,233,127,285,85,139
44,C:\Users\james\OneDrive - University of Leeds\1. Projects\1.1 PhD\1.1.1 Project\Data\OAI Subset\train\train_023_V00.seg,141,272,63,258,28,126,245,268,149,247,21,62,245,283,121,242,86,121,89,181,55,90,53,97,236,268,136,241,20,63,253,282,113,234,87,127
45,C:\Users\james\OneDrive - University of Leeds\1. Projects\1.1 PhD\1.1.1 Project\Data\OAI Subset\train\train_023_V01.seg,111,239,75,268,27,128,211,237,163,259,23,64,206,249,137,258,85,122,65,154,70,100,52,102,202,239,152,254,22,65,219,250,129,249,88,127
46,C:\Users\james\OneDrive - University of Leeds\1. Projects\1.1 PhD\1.1.1 Project\Data\OAI Subset\train\train_024_V00.seg,93,220,97,303,27,144,191,234,179,295,19,69,191,230,150,272,88,136,52,144,67,111,34,98,186,222,174,284,22,73,202,226,134,253,89,137
47,C:\Users\james\OneDrive - University of Leeds\1. Projects\1.1 PhD\1.1.1 Project\Data\OAI Subset\train\train_024_V01.seg,97,226,92,297,25,147,194,231,177,284,19,68,199,234,143,265,89,136,61,143,61,105,33,99,187,224,167,281,21,74,208,231,125,242,97,139
48,C:\Users\james\OneDrive - University of Leeds\1. Projects\1.1 PhD\1.1.1 Project\Data\OAI Subset\train\train_025_V00.seg,127,240,78,266,31,128,214,244,146,250,28,72,217,246,130,252,89,126,73,160,70,100,42,96,204,236,146,241,28,70,216,242,125,253,90,127
49,C:\Users\james\OneDrive - University of Leeds\1. Projects\1.1 PhD\1.1.1 Project\Data\OAI Subset\train\train_025_V01.seg,135,249,92,275,32,129,225,251,166,264,31,73,230,255,140,259,93,129,83,172,78,109,41,94,214,247,159,253,29,73,228,250,136,261,93,129
50,C:\Users\james\OneDrive - University of Leeds\1. Projects\1.1 PhD\1.1.1 Project\Data\OAI Subset\train\train_026_V00.seg,103,222,102,292,26,134,197,238,149,282,80,120,201,230,173,270,21,63,105,189,90,123,46,97,197,225,175,269,25,61,187,242,136,276,86,132
51,C:\Users\james\OneDrive - University of Leeds\1. Projects\1.1 PhD\1.1.1 Project\Data\OAI Subset\train\train_026_V01.seg,114,233,103,294,24,133,216,246,172,275,21,61,206,240,179,277,24,61,114,196,94,126,42,95,209,242,154,286,82,121,198,246,143,273,88,132
52,C:\Users\james\OneDrive - University of Leeds\1. Projects\1.1 PhD\1.1.1 Project\Data\OAI Subset\train\train_027_V00.seg,117,229,108,277,26,126,201,226,189,268,23,61,200,237,147,262,83,118,70,155,79,125,39,94,191,226,183,263,25,62,211,233,143,257,83,119
53,C:\Users\james\OneDrive - University of Leeds\1. Projects\1.1 PhD\1.1.1 Project\Data\OAI Subset\train\train_027_V01.seg,83,194,85,254,25,125,162,194,165,250,22,60,165,204,133,249,83,119,43,127,57,99,38,94,154,191,167,240,23,61,172,198,129,241,83,119
54,C:\Users\james\OneDrive - University of Leeds\1. Projects\1.1 PhD\1.1.1 Project\Data\OAI Subset\train\train_028_V00.seg,61,207,87,313,17,141,179,211,183,304,88,144,177,225,158,305,18,68,21,128,54,102,51,123,162,207,176,293,88,144,178,226,140,297,18,66
55,C:\Users\james\OneDrive - University of Leeds\1. Projects\1.1 PhD\1.1.1 Project\Data\OAI Subset\train\train_028_V01.seg,107,249,83,306,12,139,216,250,181,302,85,141,220,261,157,305,17,65,71,179,53,97,50,122,204,249,178,291,85,141,219,269,137,292,16,63
56,C:\Users\james\OneDrive - University of Leeds\1. Projects\1.1 PhD\1.1.1 Project\Data\OAI Subset\train\train_029_V00.seg,121,232,80,266,34,128,211,240,149,252,96,135,205,237,128,246,42,76,86,169,55,94,65,117,199,232,153,246,94,133,207,237,122,251,37,73
57,C:\Users\james\OneDrive - University of Leeds\1. Projects\1.1 PhD\1.1.1 Project\Data\OAI Subset\train\train_029_V01.seg,144,258,105,289,36,129,232,259,177,281,96,138,229,266,159,277,42,77,113,191,86,121,62,114,223,254,183,275,95,133,234,268,153,279,38,73
58,C:\Users\james\OneDrive - University of Leeds\1. Projects\1.1 PhD\1.1.1 Project\Data\OAI Subset\train\train_030_V00.seg,128,254,95,293,21,143,221,264,177,307,21,72,216,281,152,308,92,142,94,196,80,114,40,116,207,257,170,283,21,72,219,283,139,294,90,142
59,C:\Users\james\OneDrive - University of Leeds\1. Projects\1.1 PhD\1.1.1 Project\Data\OAI Subset\train\train_030_V01.seg,97,227,83,281,17,140,193,237,170,297,17,70,187,254,136,296,89,138,64,167,66,102,35,111,179,227,159,274,18,70,194,253,123,286,87,138
60,C:\Users\james\OneDrive - University of Leeds\1. Projects\1.1 PhD\1.1.1 Project\Data\OAI Subset\train\train_031_V00.seg,93,229,83,295,37,147,211,236,160,272,28,71,206,240,127,259,92,139,30,138,55,90,70,109,198,231,147,271,28,75,201,242,110,271,88,147
61,C:\Users\james\OneDrive - University of Leeds\1. Projects\1.1 PhD\1.1.1 Project\Data\OAI Subset\train\train_031_V01.seg,121,256,80,292,31,145,236,263,167,277,25,72,232,266,130,261,90,138,68,180,54,92,67,109,221,259,154,273,26,74,223,268,113,275,92,145
62,C:\Users\james\OneDrive - University of Leeds\1. Projects\1.1 PhD\1.1.1 Project\Data\OAI Subset\train\train_032_V00.seg,118,257,88,290,32,148,231,263,136,259,25,72,228,269,126,244,92,140,75,176,74,112,52,116,218,246,138,258,26,70,229,252,222,259,100,132
63,C:\Users\james\OneDrive - University of Leeds\1. Projects\1.1 PhD\1.1.1 Project\Data\OAI Subset\train\train_032_V01.seg,106,239,75,277,30,146,219,255,123,246,26,73,211,250,116,234,89,137,60,160,66,100,51,112,207,236,124,244,26,74,214,236,216,246,104,138
64,C:\Users\james\OneDrive - University of Leeds\1. Projects\1.1 PhD\1.1.1 Project\Data\OAI Subset\train\train_033_V00.seg,103,243,84,302,16,136,212,250,180,286,14,65,218,253,145,290,84,136,72,170,58,99,31,106,207,245,177,281,16,65,219,252,131,294,91,136
65,C:\Users\james\OneDrive - University of Leeds\1. Projects\1.1 PhD\1.1.1 Project\Data\OAI Subset\train\train_033_V01.seg,104,243,85,304,15,137,212,253,182,297,16,68,219,254,156,305,86,137,78,180,62,102,32,108,207,246,183,285,17,66,218,251,139,304,91,138
66,C:\Users\james\OneDrive - University of Leeds\1. Projects\1.1 PhD\1.1.1 Project\Data\OAI Subset\train\train_034_V00.seg,141,263,86,279,31,132,239,282,146,259,91,137,238,271,135,260,35,76,86,188,70,105,58,103,233,270,155,263,92,136,235,272,126,260,30,73
67,C:\Users\james\OneDrive - University of Leeds\1. Projects\1.1 PhD\1.1.1 Project\Data\OAI Subset\train\train_034_V01.seg,104,232,60,254,31,132,208,251,120,233,90,137,216,238,110,236,34,72,54,158,49,89,59,107,203,240,128,234,91,135,207,240,103,235,28,69
68,C:\Users\james\OneDrive - University of Leeds\1. Projects\1.1 PhD\1.1.1 Project\Data\OAI Subset\train\train_035_V00.seg,126,232,83,264,29,128,210,243,161,256,89,132,219,241,146,255,32,67,75,157,73,104,53,115,206,237,160,251,89,131,214,239,136,253,31,68
69,C:\Users\james\OneDrive - University of Leeds\1. Projects\1.1 PhD\1.1.1 Project\Data\OAI Subset\train\train_035_V01.seg,127,236,67,249,31,130,214,246,140,243,90,135,223,245,126,247,34,69,79,161,60,89,52,109,205,240,143,236,91,133,218,245,118,240,32,71
70,C:\Users\james\OneDrive - University of Leeds\1. Projects\1.1 PhD\1.1.1 Project\Data\OAI Subset\train\train_036_V00.seg,110,225,98,277,37,137,199,229,179,265,97,140,203,233,155,270,40,78,65,152,80,113,69,125,186,228,173,266,94,139,201,234,142,266,39,77
71,C:\Users\james\OneDrive - University of Leeds\1. Projects\1.1 PhD\1.1.1 Project\Data\OAI Subset\train\train_036_V01.seg,133,246,81,262,42,141,222,251,162,257,101,144,222,255,141,256,44,83,89,179,71,100,65,122,208,250,156,248,99,143,219,256,127,254,43,82
72,C:\Users\james\OneDrive - University of Leeds\1. Projects\1.1 PhD\1.1.1 Project\Data\OAI Subset\train\train_037_V00.seg,135,256,105,296,29,139,225,266,187,295,99,142,225,263,170,283,42,77,97,187,82,116,69,127,210,252,186,283,100,142,230,273,144,280,33,75
73,C:\Users\james\OneDrive - University of Leeds\1. Projects\1.1 PhD\1.1.1 Project\Data\OAI Subset\train\train_037_V01.seg,106,218,87,281,23,129,186,226,175,277,90,130,189,224,162,258,34,70,54,149,54,95,71,126,175,217,164,266,91,135,191,231,123,251,25,69
74,C:\Users\james\OneDrive - University of Leeds\1. Projects\1.1 PhD\1.1.1 Project\Data\OAI Subset\train\train_038_V00.seg,108,220,83,260,30,132,193,222,174,268,29,68,196,232,141,260,86,127,94,175,62,99,44,102,179,221,160,247,29,73,189,238,129,248,91,129
75,C:\Users\james\OneDrive - University of Leeds\1. Projects\1.1 PhD\1.1.1 Project\Data\OAI Subset\train\train_038_V01.seg,108,214,70,247,25,127,189,223,158,249,25,64,193,224,129,245,85,123,92,168,50,84,39,96,181,221,145,232,27,67,185,234,115,235,87,125
76,C:\Users\james\OneDrive - University of Leeds\1. Projects\1.1 PhD\1.1.1 Project\Data\OAI Subset\train\train_039_V00.seg,123,259,68,277,16,136,233,275,127,240,11,62,234,268,113,236,84,129,84,174,51,90,43,104,229,262,129,246,17,61,226,267,104,243,90,131
77,C:\Users\james\OneDrive - University of Leeds\1. Projects\1.1 PhD\1.1.1 Project\Data\OAI Subset\train\train_039_V01.seg,114,247,79,286,19,139,223,263,141,253,15,66,222,256,131,256,86,133,79,166,57,97,46,107,216,251,145,261,18,65,216,252,120,263,93,135
78,C:\Users\james\OneDrive - University of Leeds\1. Projects\1.1 PhD\1.1.1 Project\Data\OAI Subset\train\train_040_V00.seg,119,249,77,284,24,134,226,267,149,269,19,66,214,251,140,277,89,131,71,168,59,86,40,106,216,253,141,259,21,66,220,252,123,262,91,135
79,C:\Users\james\OneDrive - University of Leeds\1. Projects\1.1 PhD\1.1.1 Project\Data\OAI Subset\train\train_040_V01.seg,113,242,82,288,21,134,217,258,147,265,16,66,212,250,140,282,89,131,68,163,71,98,37,102,211,245,144,261,20,66,219,249,127,269,90,135
80,C:\Users\james\OneDrive - University of Leeds\1. Projects\1.1 PhD\1.1.1 Project\Data\OAI Subset\train\train_041_V00.seg,120,237,95,277,24,121,210,241,153,262,19,65,218,249,134,255,80,117,87,167,65,111,33,90,201,240,155,262,21,64,212,251,123,263,82,120
81,C:\Users\james\OneDrive - University of Leeds\1. Projects\1.1 PhD\1.1.1 Project\Data\OAI Subset\train\train_041_V01.seg,145,264,91,273,25,121,236,267,152,262,20,65,244,272,131,255,81,117,116,198,62,107,33,89,227,266,155,259,22,65,231,273,120,262,84,121
82,C:\Users\james\OneDrive - University of Leeds\1. Projects\1.1 PhD\1.1.1 Project\Data\OAI Subset\train\train_042_V00.seg,116,237,93,289,21,135,212,236,173,277,96,142,207,247,142,271,31,78,74,162,78,112,54,119,196,235,168,277,87,137,210,253,127,270,30,77
83,C:\Users\james\OneDrive - University of Leeds\1. Projects\1.1 PhD\1.1.1 Project\Data\OAI Subset\train\train_042_V01.seg,92,215,70,265,17,132,192,220,149,249,93,140,184,226,120,249,27,73,56,144,57,90,49,116,176,217,145,254,83,134,185,230,107,250,26,70
84,C:\Users\james\OneDrive - University of Leeds\1. Projects\1.1 PhD\1.1.1 Project\Data\OAI Subset\train\train_043_V00.seg,120,253,88,291,25,141,226,275,153,260,94,145,229,260,137,252,28,70,73,171,66,106,54,116,215,255,151,267,92,142,227,258,119,272,23,62
85,C:\Users\james\OneDrive - University of Leeds\1. Projects\1.1 PhD\1.1.1 Project\Data\OAI Subset\train\train_043_V01.seg,95,227,104,304,23,137,201,249,161,268,92,142,205,234,147,264,26,69,50,146,83,120,54,115,193,233,161,278,91,138,204,231,128,281,22,60
86,C:\Users\james\OneDrive - University of Leeds\1. Projects\1.1 PhD\1.1.1 Project\Data\OAI Subset\train\train_044_V00.seg,115,225,87,265,25,131,205,235,172,259,25,64,205,236,131,250,85,127,192,192,192,192,80,80,195,229,163,255,24,69,203,237,119,251,89,131
87,C:\Users\james\OneDrive - University of Leeds\1. Projects\1.1 PhD\1.1.1 Project\Data\OAI Subset\train\train_044_V01.seg,136,251,86,263,20,130,227,254,169,254,19,60,228,263,118,244,80,121,192,192,192,192,80,80,215,246,160,253,19,64,229,264,112,239,86,126
88,C:\Users\james\OneDrive - University of Leeds\1. Projects\1.1 PhD\1.1.1 Project\Data\OAI Subset\train\train_045_V00.seg,140,275,93,299,19,138,250,296,187,295,90,140,253,292,148,290,24,70,90,199,54,104,68,133,237,283,176,285,90,139,252,288,132,288,21,68
89,C:\Users\james\OneDrive - University of Leeds\1. Projects\1.1 PhD\1.1.1 Project\Data\OAI Subset\train\train_045_V01.seg,116,252,72,278,19,139,224,269,164,275,91,142,225,267,124,268,25,72,68,176,34,83,70,135,212,257,157,263,91,140,227,265,107,258,20,72
90,C:\Users\james\OneDrive - University of Leeds\1. Projects\1.1 PhD\1.1.1 Project\Data\OAI Subset\train\train_046_V00.seg,116,242,62,267,19,135,215,255,161,267,21,63,216,253,139,274,91,133,101,201,41,84,41,106,200,250,161,254,18,70,205,264,126,271,93,137
91,C:\Users\james\OneDrive - University of Leeds\1. Projects\1.1 PhD\1.1.1 Project\Data\OAI Subset\train\train_046_V01.seg,103,230,70,270,16,131,205,248,166,269,17,58,206,238,140,269,88,130,83,186,48,91,31,98,190,242,168,261,14,65,188,247,124,269,88,132
92,C:\Users\james\OneDrive - University of Leeds\1. Projects\1.1 PhD\1.1.1 Project\Data\OAI Subset\train\train_047_V00.seg,105,245,91,299,13,147,215,248,164,291,101,149,213,253,140,274,22,79,64,169,76,106,70,129,199,231,142,283,92,148,197,255,120,285,18,79
93,C:\Users\james\OneDrive - University of Leeds\1. Projects\1.1 PhD\1.1.1 Project\Data\OAI Subset\train\train_047_V01.seg,130,268,80,295,12,144,234,273,159,284,93,147,234,272,137,273,16,76,89,188,56,98,63,127,223,259,136,273,93,144,207,283,116,288,12,69
94,C:\Users\james\OneDrive - University of Leeds\1. Projects\1.1 PhD\1.1.1 Project\Data\OAI Subset\train\train_048_V00.seg,110,230,89,282,35,140,208,244,187,291,101,146,207,242,160,288,40,84,86,174,70,110,63,123,178,238,181,274,101,143,206,249,147,278,39,85
95,C:\Users\james\OneDrive - University of Leeds\1. Projects\1.1 PhD\1.1.1 Project\Data\OAI Subset\train\train_048_V01.seg,124,246,73,267,31,138,219,254,171,277,98,143,218,258,147,276,37,82,91,183,52,92,57,123,193,246,164,260,98,140,222,265,128,265,36,81
96,C:\Users\james\OneDrive - University of Leeds\1. Projects\1.1 PhD\1.1.1 Project\Data\OAI Subset\train\train_049_V00.seg,116,232,102,288,31,129,209,247,176,279,89,132,214,241,152,280,33,73,103,183,74,117,54,111,199,241,168,271,84,131,208,241,140,279,31,74
97,C:\Users\james\OneDrive - University of Leeds\1. Projects\1.1 PhD\1.1.1 Project\Data\OAI Subset\train\train_049_V01.seg,86,205,97,278,29,129,183,214,173,269,91,131,186,216,142,270,32,73,74,155,65,108,58,117,170,210,159,265,89,131,177,211,129,267,32,74
98,C:\Users\james\OneDrive - University of Leeds\1. Projects\1.1 PhD\1.1.1 Project\Data\OAI Subset\train\train_050_V00.seg,111,238,73,265,21,129,220,254,153,265,17,65,213,245,132,264,78,123,82,169,57,89,40,98,209,245,135,252,17,65,213,256,114,253,82,128
99,C:\Users\james\OneDrive - University of Leeds\1. Projects\1.1 PhD\1.1.1 Project\Data\OAI Subset\train\train_050_V01.seg,137,262,80,271,15,125,241,274,163,274,14,61,238,272,138,265,73,119,113,200,62,95,38,95,229,268,145,262,12,62,236,278,121,260,79,121
100,C:\Users\james\OneDrive - University of Leeds\1. Projects\1.1 PhD\1.1.1 Project\Data\OAI Subset\train\train_051_V00.seg,84,204,85,275,21,138,178,215,167,271,94,141,180,212,137,274,30,74,43,142,64,98,54,124,168,204,163,263,90,139,185,216,118,261,24,74
101,C:\Users\james\OneDrive - University of Leeds\1. Projects\1.1 PhD\1.1.1 Project\Data\OAI Subset\train\train_051_V01.seg,117,239,80,269,18,136,218,255,164,265,93,138,224,251,139,271,24,67,86,181,60,95,58,123,208,243,159,259,89,137,219,252,117,259,21,70
102,C:\Users\james\OneDrive - University of Leeds\1. Projects\1.1 PhD\1.1.1 Project\Data\OAI Subset\train\train_052_V00.seg,109,231,81,283,32,149,204,238,168,275,101,149,200,241,148,275,36,84,80,167,65,103,69,127,195,230,154,262,102,148,203,245,129,273,36,77
103,C:\Users\james\OneDrive - University of Leeds\1. Projects\1.1 PhD\1.1.1 Project\Data\OAI Subset\train\train_052_V01.seg,110,222,79,276,22,138,195,230,164,268,90,138,195,230,136,265,27,78,73,160,61,101,58,117,194,236,122,265,26,66,191,224,153,259,96,137
104,C:\Users\james\OneDrive - University of Leeds\1. Projects\1.1 PhD\1.1.1 Project\Data\OAI Subset\train\train_053_V00.seg,118,226,75,245,21,122,206,239,154,249,20,62,207,235,126,247,79,119,89,171,56,94,33,90,196,237,150,238,21,60,198,234,116,241,78,123
105,C:\Users\james\OneDrive - University of Leeds\1. Projects\1.1 PhD\1.1.1 Project\Data\OAI Subset\train\train_053_V01.seg,133,246,88,259,25,126,225,260,165,257,25,64,227,250,139,263,84,124,102,187,66,108,37,96,217,255,163,250,25,64,218,251,127,256,85,128
106,C:\Users\james\OneDrive - University of Leeds\1. Projects\1.1 PhD\1.1.1 Project\Data\OAI Subset\train\train_054_V00.seg,119,231,95,262,38,133,206,238,174,266,95,132,207,239,145,262,40,79,112,196,78,115,74,122,187,232,175,255,94,133,205,246,133,254,37,83
107,C:\Users\james\OneDrive - University of Leeds\1. Projects\1.1 PhD\1.1.1 Project\Data\OAI Subset\train\train_054_V01.seg,126,238,110,280,45,141,214,246,192,286,104,141,215,244,163,280,47,86,123,208,95,134,77,129,195,241,193,272,105,142,213,257,148,277,44,92
108,C:\Users\james\OneDrive - University of Leeds\1. Projects\1.1 PhD\1.1.1 Project\Data\OAI Subset\train\train_055_V00.seg,111,241,72,267,23,142,216,248,158,263,21,74,226,252,126,256,89,138,64,157,52,86,30,93,202,241,154,258,23,76,209,247,113,262,90,138
109,C:\Users\james\OneDrive - University of Leeds\1. Projects\1.1 PhD\1.1.1 Project\Data\OAI Subset\train\train_055_V01.seg,126,256,71,270,20,140,235,266,158,272,22,72,242,265,119,245,86,135,87,179,49,87,20,82,225,260,156,267,19,61,222,259,107,254,84,136
110,C:\Users\james\OneDrive - University of Leeds\1. Projects\1.1 PhD\1.1.1 Project\Data\OAI Subset\train\train_056_V00.seg,128,257,96,290,22,131,226,261,179,287,90,135,242,271,153,284,29,62,85,177,69,108,55,117,217,253,167,275,90,133,224,269,137,283,28,63
111,C:\Users\james\OneDrive - University of Leeds\1. Projects\1.1 PhD\1.1.1 Project\Data\OAI Subset\train\train_056_V01.seg,116,241,75,267,31,141,212,247,159,268,99,144,222,252,128,257,39,74,71,166,45,86,72,133,199,241,148,253,96,144,206,257,112,250,36,77
112,C:\Users\james\OneDrive - University of Leeds\1. Projects\1.1 PhD\1.1.1 Project\Data\OAI Subset\train\train_057_V00.seg,95,235,85,282,7,130,201,233,177,280,9,55,207,250,139,267,75,120,60,159,65,106,18,81,185,224,163,262,11,54,206,249,125,262,79,123
113,C:\Users\james\OneDrive - University of Leeds\1. Projects\1.1 PhD\1.1.1 Project\Data\OAI Subset\train\train_057_V01.seg,86,228,57,253,22,141,191,221,157,255,24,69,198,240,119,244,89,133,61,161,48,80,30,87,179,216,142,239,24,68,197,242,102,240,92,138
114,C:\Users\james\OneDrive - University of Leeds\1. Projects\1.1 PhD\1.1.1 Project\Data\OAI Subset\train\train_058_V00.seg,123,240,92,278,25,135,214,249,140,253,91,140,215,247,130,259,27,70,75,157,73,114,52,114,209,237,156,249,91,140,207,243,117,264,25,70
115,C:\Users\james\OneDrive - University of Leeds\1. Projects\1.1 PhD\1.1.1 Project\Data\OAI Subset\train\train_058_V01.seg,121,237,91,280,25,135,212,247,136,246,91,139,216,243,128,260,27,68,72,157,78,118,51,112,207,237,152,248,91,138,203,241,115,267,25,70
116,C:\Users\james\OneDrive - University of Leeds\1. Projects\1.1 PhD\1.1.1 Project\Data\OAI Subset\train\train_059_V00.seg,132,251,87,272,28,125,224,251,157,264,27,65,228,260,143,251,87,121,85,168,73,106,42,93,218,245,152,254,26,65,235,258,134,247,88,124
117,C:\Users\james\OneDrive - University of Leeds\1. Projects\1.1 PhD\1.1.1 Project\Data\OAI Subset\train\train_059_V01.seg,129,250,83,260,31,128,219,245,154,262,30,69,227,260,132,249,90,123,84,166,59,93,40,91,213,241,150,248,29,70,232,258,126,237,92,125
118,C:\Users\james\OneDrive - University of Leeds\1. Projects\1.1 PhD\1.1.1 Project\Data\OAI Subset\train\train_060_V00.seg,126,267,72,297,17,133,241,272,173,286,90,138,243,275,135,274,19,67,69,164,67,103,52,123,232,271,160,276,90,142,239,271,121,282,14,63
119,C:\Users\james\OneDrive - University of Leeds\1. Projects\1.1 PhD\1.1.1 Project\Data\OAI Subset\train\train_060_V01.seg,139,282,58,285,17,133,261,286,161,276,93,141,257,289,123,264,20,69,82,180,50,90,55,125,246,284,147,267,93,141,250,289,107,271,15,65
120,C:\Users\james\OneDrive - University of Leeds\1. Projects\1.1 PhD\1.1.1 Project\Data\OAI Subset\valid\valid_001_V00.seg,133,255,105,285,28,123,232,263,194,296,24,59,230,268,160,282,83,120,124,207,81,122,33,79,211,255,179,277,27,64,220,272,144,274,78,120
121,C:\Users\james\OneDrive - University of Leeds\1. Projects\1.1 PhD\1.1.1 Project\Data\OAI Subset\valid\valid_001_V01.seg,146,264,91,269,26,125,233,272,179,281,24,61,234,279,144,268,82,121,131,216,61,110,37,87,215,261,166,260,27,65,229,282,130,264,83,121
122,C:\Users\james\OneDrive - University of Leeds\1. Projects\1.1 PhD\1.1.1 Project\Data\OAI Subset\valid\valid_002_V00.seg,69,193,89,285,21,137,170,206,176,289,96,141,173,202,145,284,25,68,43,134,60,101,62,127,160,200,169,274,95,139,160,209,127,272,25,69
123,C:\Users\james\OneDrive - University of Leeds\1. Projects\1.1 PhD\1.1.1 Project\Data\OAI Subset\valid\valid_002_V01.seg,83,208,85,283,18,138,184,219,170,287,94,139,184,219,142,283,23,67,56,148,59,103,57,121,174,213,166,273,91,138,174,224,124,274,23,67
124,C:\Users\james\OneDrive - University of Leeds\1. Projects\1.1 PhD\1.1.1 Project\Data\OAI Subset\valid\valid_003_V00.seg,108,243,73,284,23,141,212,264,156,280,22,73,209,252,124,269,83,137,66,171,47,88,30,99,206,246,157,263,23,73,215,256,112,268,89,137
125,C:\Users\james\OneDrive - University of Leeds\1. Projects\1.1 PhD\1.1.1 Project\Data\OAI Subset\valid\valid_003_V01.seg,95,242,71,280,24,143,210,261,152,277,19,73,205,251,123,267,85,137,61,167,45,84,36,101,202,242,154,259,21,73,212,251,111,262,87,138
126,C:\Users\james\OneDrive - University of Leeds\1. Projects\1.1 PhD\1.1.1 Project\Data\OAI Subset\valid\valid_004_V00.seg,116,241,80,274,25,135,214,254,166,272,93,140,214,254,128,269,25,70,77,175,37,86,60,128,203,244,170,261,92,140,208,250,115,275,24,68
127,C:\Users\james\OneDrive - University of Leeds\1. Projects\1.1 PhD\1.1.1 Project\Data\OAI Subset\valid\valid_004_V01.seg,107,231,95,288,25,135,211,254,175,279,92,138,208,243,139,279,24,70,72,169,56,100,65,130,200,241,179,275,91,138,205,240,128,281,23,70
128,C:\Users\james\OneDrive - University of Leeds\1. Projects\1.1 PhD\1.1.1 Project\Data\OAI Subset\valid\valid_005_V00.seg,87,200,85,263,33,137,173,213,164,261,96,139,180,209,137,258,38,79,52,137,66,101,68,125,161,202,166,256,93,139,171,212,122,251,35,78
129,C:\Users\james\OneDrive - University of Leeds\1. Projects\1.1 PhD\1.1.1 Project\Data\OAI Subset\valid\valid_005_V01.seg,122,234,79,258,26,131,210,248,160,254,93,134,212,247,131,255,31,75,86,170,62,97,66,119,196,235,157,250,89,134,209,245,115,250,27,73
130,C:\Users\james\OneDrive - University of Leeds\1. Projects\1.1 PhD\1.1.1 Project\Data\OAI Subset\valid\valid_006_V00.seg,79,214,86,275,24,131,186,228,166,266,24,70,193,223,129,263,84,130,62,157,60,99,31,96,184,218,163,255,24,70,188,222,119,262,88,129
131,C:\Users\james\OneDrive - University of Leeds\1. Projects\1.1 PhD\1.1.1 Project\Data\OAI Subset\valid\valid_006_V01.seg,77,211,69,264,24,132,185,226,145,249,25,70,193,222,112,258,85,132,61,155,51,86,35,101,182,216,144,238,25,71,181,219,110,251,93,132
132,C:\Users\james\OneDrive - University of Leeds\1. Projects\1.1 PhD\1.1.1 Project\Data\OAI Subset\valid\valid_007_V00.seg,114,239,108,283,23,130,214,254,186,288,24,65,216,250,160,285,88,125,82,183,73,113,30,91,202,239,179,273,23,65,217,250,145,269,90,126
133,C:\Users\james\OneDrive - University of Leeds\1. Projects\1.1 PhD\1.1.1 Project\Data\OAI Subset\valid\valid_007_V01.seg,113,238,98,273,19,126,214,252,175,274,18,61,216,247,150,275,85,120,80,180,63,102,27,89,200,235,166,262,18,61,213,247,135,258,85,121
134,C:\Users\james\OneDrive - University of Leeds\1. Projects\1.1 PhD\1.1.1 Project\Data\OAI Subset\valid\valid_008_V00.seg,131,266,77,298,8,137,240,283,174,282,88,140,241,274,140,284,15,64,85,182,41,92,45,119,235,269,177,273,91,138,243,275,133,280,12,59
135,C:\Users\james\OneDrive - University of Leeds\1. Projects\1.1 PhD\1.1.1 Project\Data\OAI Subset\valid\valid_008_V01.seg,109,241,80,297,14,142,217,261,174,285,93,144,219,249,142,288,19,68,65,167,41,93,55,129,211,247,178,279,94,143,219,251,131,278,18,63
136,C:\Users\james\OneDrive - University of Leeds\1. Projects\1.1 PhD\1.1.1 Project\Data\OAI Subset\valid\valid_009_V00.seg,122,244,105,297,27,132,219,256,198,295,89,135,225,253,170,292,29,71,92,187,88,120,53,121,201,249,188,282,88,134,223,254,156,281,28,71
137,C:\Users\james\OneDrive - University of Leeds\1. Projects\1.1 PhD\1.1.1 Project\Data\OAI Subset\valid\valid_009_V01.seg,122,244,86,277,33,137,222,263,172,276,96,140,229,254,149,270,34,75,90,190,77,105,57,127,209,253,162,261,95,139,223,256,136,261,34,75
138,C:\Users\james\OneDrive - University of Leeds\1. Projects\1.1 PhD\1.1.1 Project\Data\OAI Subset\valid\valid_010_V00.seg,74,196,70,260,32,132,166,203,156,252,90,133,173,203,134,249,37,73,43,127,62,90,54,109,158,195,154,247,91,133,171,207,121,245,35,72
139,C:\Users\james\OneDrive - University of Leeds\1. Projects\1.1 PhD\1.1.1 Project\Data\OAI Subset\valid\valid_010_V01.seg,121,242,84,273,34,136,212,246,174,272,93,137,211,250,149,267,37,77,90,175,72,103,59,115,198,242,171,263,93,137,216,257,133,261,36,77
140,C:\Users\james\OneDrive - University of Leeds\1. Projects\1.1 PhD\1.1.1 Project\Data\OAI Subset\valid\valid_011_V00.seg,94,213,83,267,26,133,181,217,167,263,95,138,189,221,136,259,32,67,39,135,60,100,61,120,174,205,159,250,96,137,189,224,126,251,28,68
141,C:\Users\james\OneDrive - University of Leeds\1. Projects\1.1 PhD\1.1.1 Project\Data\OAI Subset\valid\valid_011_V01.seg,95,215,73,259,25,133,192,237,153,250,94,136,192,219,124,249,31,67,47,142,51,91,62,122,182,223,145,239,94,135,190,222,114,243,25,67
142,C:\Users\james\OneDrive - University of Leeds\1. Projects\1.1 PhD\1.1.1 Project\Data\OAI Subset\valid\valid_012_V00.seg,142,262,101,285,18,119,241,279,183,275,16,56,252,275,147,274,80,119,109,199,77,118,26,87,235,269,180,272,14,56,245,270,139,266,81,121
143,C:\Users\james\OneDrive - University of Leeds\1. Projects\1.1 PhD\1.1.1 Project\Data\OAI Subset\valid\valid_012_V01.seg,107,229,93,278,29,129,208,250,165,265,26,67,213,241,136,265,89,129,76,165,70,108,30,90,202,240,156,269,28,67,205,234,125,264,92,131
144,C:\Users\james\OneDrive - University of Leeds\1. Projects\1.1 PhD\1.1.1 Project\Data\OAI Subset\valid\valid_013_V00.seg,126,237,86,272,22,142,220,244,168,275,97,142,216,249,135,259,27,78,80,176,65,102,70,132,205,238,160,258,93,143,211,248,120,263,26,72
145,C:\Users\james\OneDrive - University of Leeds\1. Projects\1.1 PhD\1.1.1 Project\Data\OAI Subset\valid\valid_013_V01.seg,124,246,77,264,21,139,227,252,161,271,95,140,218,257,126,251,26,77,88,180,55,93,62,132,210,248,154,250,91,141,210,255,113,262,24,70
146,C:\Users\james\OneDrive - University of Leeds\1. Projects\1.1 PhD\1.1.1 Project\Data\OAI Subset\valid\valid_014_V00.seg,130,236,104,281,18,123,211,245,180,279,15,58,213,247,159,274,77,117,78,165,87,118,30,88,201,238,177,269,16,60,211,243,147,273,80,120
147,C:\Users\james\OneDrive - University of Leeds\1. Projects\1.1 PhD\1.1.1 Project\Data\OAI Subset\valid\valid_014_V01.seg,155,259,96,269,20,123,235,281,173,272,16,58,235,268,145,258,76,117,106,196,75,109,27,86,228,263,167,261,17,55,235,267,128,261,80,120
